tabela,coluna,regra,dimensao,severidade,qtd_afetada,total,pct,exemplo,recomendacao
tb_chamado_v3,DT_RESOLUCAO,Colunas do CSV existem em T_URB_CHAMADO,Consistência entre artefatos,Alta,1,13,7.7,DT_RESOLUCAO,Coluna sem destino no modelo físico: a carga no Oracle vai descartá-la ou falhar. Adicionar a coluna ao DDL (patch v3) ou mapear para a tabela correta.
gerar_dados_expandidos.py,CSV_ORIGEM,Arquivo de entrada do gerador existe no repositório,Consistência entre artefatos,Média,1,1,100.0,fase3-ingestao/docs/CSV`s/tb_chamado_v2.csv,"O gerador lê tb_chamado_v2.csv (50 chamados originais), que não está versionado: o tb_chamado_v3.csv não pode ser reproduzido. Versionar o v2 (ex.: em fase3-ingestao/data/raw/) e corrigir o caminho, que contém crase (""CSV`s"")."
tb_chamado_v3,DS_CHAMADO,Descrição do chamado não repetida,Unicidade,Média,1000,1000,100.0,Ajuste operacional na infraestrutura | Necessita programação para atendimento | Manutenção preventiva necessária,"Só 42 textos distintos em 1000 chamados, e os sintéticos usam frases genéricas por prioridade (não citam o problema). Inviabiliza classificação de texto/NLP e deixa a descrição sem valor analítico. Gerar texto a partir da subcategoria (templates por subcategoria + variações)."
tb_cidadao,NR_CPF_CIDADAO,CPF com dígitos verificadores válidos,Validade,Média,50,50,100.0,70000001001 | 70000002002 | 70000003003,O DDL documenta 'CPF deve ser válido'. Gerar CPFs sintéticos com DV correto (qualquer validação na aplicação/ETL rejeitaria estes). Guardar como CHAR(11) — NUMBER(11) perde zeros à esquerda (CPFs iniciados por 0).
tb_gestor,NR_TELEFONE,Celular com 9º dígito (11 posições),Validade,Média,15,15,100.0,1191000001 | 1191000002 | 1191000003,"Número começa com 9 (celular) mas tem só 8 dígitos após o DDD — falta o nono dígito, obrigatório desde 2016. Padronizar com o formato de tb_cidadao."
tb_logradouro,NR_CEP,CEP com 8 dígitos,Validade,Média,20,20,100.0,"NM_LOGRADOURO=Rua Aspicuelta, NR_CEP=5422001 | NM_LOGRADOURO=Rua Fradique Coutinho, NR_CEP=5422002 | NM_LOGRADOURO=Rua dos Pinheiros, NR_CEP=5422003","CEPs da capital paulista começam com 0 (01000-000 a 05999-999; 08xxx-xxx) e o zero à esquerda foi perdido — o CSV foi exportado de uma coluna numérica. Trocar NR_CEP de NUMBER(8) para CHAR(8) no DDL e reexportar com zero à esquerda (ex.: 5422001 → 05422001). Sem isso, qualquer cruzamento com base de CEP (Correios/IBGE) falha."
tb_chamado_v3,"NR_LATITUDE, NR_LONGITUDE",Coordenada a ≤ 5 km do bairro do logradouro,Consistência,Média,738,1000,73.8,"NR_CHAMADO=51, NM_BAIRRO=Pinheiros, DIST_BAIRRO_KM=5.5 | NR_CHAMADO=52, NM_BAIRRO=Itaquera, DIST_BAIRRO_KM=20.8 | NR_CHAMADO=53, NM_BAIRRO=Itaquera, DIST_BAIRRO_KM=19.2","Lat/long é sorteada num retângulo fixo, sem relação com o logradouro informado — o mapa mostra um chamado da 'Rua Aspicuelta' em Itaquera. Além disso, o retângulo do gerador (lat −23,59 a −23,54) exclui Santana e Campo Belo inteiros. Gerar o ponto com jitter em torno do centroide do bairro/logradouro."
tb_chamado_v3,ST_CHAMADO,Chamado não finalizado com prazo vencido há > 90 dias,Plausibilidade,Média,451,1000,45.1,"NR_CHAMADO=1, ST_CHAMADO=ABERTO, DT_ABERTURA=2024-12-18 | NR_CHAMADO=2, ST_CHAMADO=EM_ANALISE, DT_ABERTURA=2024-02-14 | NR_CHAMADO=3, ST_CHAMADO=EM_ATENDIMENTO, DT_ABERTURA=2025-07-03","O gerador sorteia o status independentemente da data de abertura: chamados de 2024–início de 2025 continuam ABERTO/EM_ANALISE, enquanto a proporção de finalizados não cresce com a idade. Isso infla o backlog e o % de atraso no dashboard. Tornar a probabilidade de status final crescente com a idade do chamado."
tb_chamado_v3,DT_ABERTURA,Volume mensal contínuo (≥ 20% da mediana),Plausibilidade,Média,10,24,41.7,2024-02: 4 | 2024-03: 1 | 2024-04: 3,Antes de dez/2024 só existem chamados originais (0–4 por mês); os 950 sintéticos entram a partir de dez/2024 com ~70/mês. Gráficos de tendência mostram um 'salto' artificial. Filtrar o dashboard a partir de dez/2024 ou estender a janela do gerador.
tb_chamado_v3,DT_RESOLUCAO,Resolução ≤ data de corte do dataset (2026-01-31),Consistência temporal,Média,10,1000,1.0,"NR_CHAMADO=118, DT_ABERTURA=2026-01-10, DT_RESOLUCAO=2026-03-08 | NR_CHAMADO=356, DT_ABERTURA=2026-01-29, DT_RESOLUCAO=2026-02-23 | NR_CHAMADO=453, DT_ABERTURA=2026-01-23, DT_RESOLUCAO=2026-02-03","O snapshot termina na última abertura, mas há resoluções registradas depois dela (datas 'do futuro' em relação à extração). No gerador, limitar DT_RESOLUCAO a DATA_MAX ou manter o chamado em EM_ATENDIMENTO quando a resolução cairia após o corte."
tb_logradouro,DS_COMPLEMENTO,Coluna opcional 100% vazia,Completude,Baixa,20,20,100.0,todas as linhas vazias,Coluna sem nenhum valor: confirmar se o dado existe na origem ou retirá-la do modelo/visuais.
tb_estado,ID_ESTADO,Registro-pai referenciado por ao menos um filho,Integridade referencial,Baixa,2,3,66.7,RJ | MG,Cadastro sem uso: aparece em filtros/slicers do dashboard sem nenhum dado. Completar a massa (ex.: logradouros/chamados para essas entidades) ou documentar como cadastro de referência.
DDL,-,Toda tabela do modelo tem massa de dados,Consistência entre artefatos,Baixa,6,17,35.3,T_URB_ATENDIMENTO | T_URB_AVALIACAO | T_URB_CIDADAO_LOGRADOURO,"Sem histórico de status, atendimentos, avaliações e overrides não é possível medir RN05/RN06 nem calcular SLA pelo caminho do modelo (T_URB_ATENDIMENTO.DT_CONCLUSAO). Priorizar T_URB_HISTORICO_STATUS e T_URB_ATENDIMENTO na próxima massa."
tb_bairro,ID_BAIRRO,Registro-pai referenciado por ao menos um filho,Integridade referencial,Baixa,5,15,33.3,Jardim Tranquilidade | Vila Galvão | Cambuí,Cadastro sem uso: aparece em filtros/slicers do dashboard sem nenhum dado. Completar a massa (ex.: logradouros/chamados para essas entidades) ou documentar como cadastro de referência.
tb_cidadao,DS_EMAIL,E-mail derivado do nome sem erro de transliteração,Consistência,Baixa,2,50,4.0,"NM_CIDADAO=Márcio Araújo, DS_EMAIL=marcio.araojo23@urbiq.com.br | NM_CIDADAO=Claudia Araújo, DS_EMAIL=claudia.araojo48@urbiq.com.br",Transliteração de acentos gerou grafia errada no e-mail (ex.: ú → o). Usar unicodedata.normalize('NFKD') no gerador.
